0,empty
1,wall
2,ceiling
3,floor
4,box
5,100
6,101
7,102
8,104
9,105
10,106
11,107
12,108
13,109
14,110
15,111
16,112
17,113
18,114
19,115
20,116
21,117
22,118
23,119
24,120
25,121
26,122
27,123
28,124
29,125
30,126
31,127
32,128
33,129
34,130
35,131
36,132
37,133
38,134
39,135
40,136
41,137
42,138
43,139
44,140
45,141
46,142
47,143
48,144
49,145
50,146
51,147
52,148
53,149
54,150
55,151
56,152
57,153
58,154
59,155
60,156
61,157
62,166
63,167
64,168
65,169
66,170
67,171
68,172
69,173
70,174
71,175
72,176
73,178
74,179
75,180
76,181
77,182
78,183
79,184
80,185
81,186
82,187
83,188
84,189
85,190
86,191
87,192
88,193
89,194
90,195
91,196
92,197
93,198
94,199
95,200
96,201
97,202
98,203
99,204
100,205
101,206
102,207
103,208
104,209
105,210
106,211
107,212
108,213
109,214
110,215
111,216
112,217
113,218
114,219
115,220
116,221
117,222
118,223
119,224
120,225
121,226
122,227
123,228
124,229
125,230
126,232
127,233
128,235
129,236
130,237
131,238
132,239
133,240
134,241
135,242
136,243
137,244
138,245
139,246
140,247
141,248
142,249
143,250
144,251
145,252
146,253
147,254
148,255
149,256
150,257
151,258
152,259
153,260
154,261
155,262
156,263
157,264
158,265
159,266
160,267
161,268
162,269
163,270
164,271
165,272
166,273
167,274
168,275
169,276
170,277
171,278
172,279
173,280
174,281
175,282
176,283
177,284
178,285
179,286
180,287
181,288
182,289
183,290
184,291
185,292
186,293
187,294
188,295
189,311
190,312
191,313
192,314
193,315
194,316
195,317
196,318
197,319
198,320
199,321
200,322
201,323
202,324
203,325
204,326
205,327
206,328
207,329
208,330
209,331
210,333
211,334
212,335
213,336
214,337
215,338
216,339
217,340
218,341
219,342
220,343
221,344
222,345
223,346
224,347
225,348
226,349
227,350
228,351
229,352
230,353
231,354
232,355
233,356
234,357
235,358
236,359
237,360
238,361
239,362
240,363
241,364
242,365
243,366
244,367
245,368
246,369
247,370
248,371
249,372
250,373
251,374
252,375
253,376
254,377
255,378
256,379
257,380
258,381
259,382
260,383
261,384
262,385
263,386
264,387
265,388
266,389
267,390
268,391
269,392
270,393
271,394
272,395
273,396
274,397
275,398
276,399
277,40
278,403
279,404
280,405
281,406
282,407
283,408
284,409
285,41
286,410
287,411
288,412
289,413
290,414
291,415
292,416
293,417
294,418
295,419
296,42
297,420
298,421
299,422
300,423
301,424
302,425
303,426
304,427
305,428
306,429
307,43
308,430
309,431
310,432
311,433
312,434
313,435
314,436
315,437
316,438
317,439
318,44
319,440
320,441
321,442
322,443
323,444
324,445
325,446
326,447
327,448
328,449
329,45
330,450
331,451
332,452
333,453
334,454
335,455
336,456
337,457
338,458
339,459
340,46
341,460
342,461
343,462
344,463
345,464
346,465
347,466
348,467
349,468
350,469
351,470
352,471
353,472
354,473
355,474
356,475
357,476
358,477
359,478
360,479
361,480
362,481
363,482
364,483
365,484
366,485
367,486
368,487
369,488
370,489
371,490
372,491
373,492
374,493
375,494
376,495
377,496
378,497
379,498
380,499
381,500
382,501
383,502
384,503
385,504
386,505
387,506
388,507
389,508
390,509
391,510
392,511
393,512
394,513
395,514
396,515
397,516
398,517
399,518
400,519
401,520
402,521
403,522
404,523
405,524
406,525
407,526
408,527
409,528
410,529
411,530
412,531
413,532
414,533
415,534
416,535
417,536
418,537
419,538
420,539
421,540
422,541
423,542
424,543
425,544
426,545
427,546
428,547
429,548
430,549
431,550
432,551
433,552
434,553
435,554
436,555
437,556
438,557
439,558
440,559
441,560
442,561
443,562
444,563
445,564
446,565
447,566
448,567
449,568
450,569
451,57
452,570
453,577
454,579
455,580
456,586
457,587
458,589
459,590
460,591
461,592
462,593
463,594
464,595
465,596
466,597
467,598
468,599
469,60
470,600
471,601
472,602
473,603
474,604
475,605
476,606
477,607
478,608
479,609
480,610
481,611
482,612
483,613
484,614
485,615
486,616
487,617
488,618
489,620
490,621
491,622
492,623
493,624
494,625
495,626
496,627
497,628
498,629
499,63
500,630
501,631
502,632
503,633
504,634
505,635
506,636
507,637
508,638
509,639
510,64
511,640
512,641
513,645
514,646
515,647
516,648
517,649
518,650
519,651
520,652
521,653
522,654
523,655
524,656
525,657
526,658
527,659
528,660
529,661
530,662
531,663
532,664
533,665
534,666
535,667
536,668
537,669
538,67
539,670
540,671
541,672
542,673
543,674
544,675
545,676
546,677
547,678
548,679
549,680
550,681
551,682
552,683
553,684
554,685
555,686
556,687
557,688
558,689
559,69
560,690
561,691
562,692
563,693
564,694
565,695
566,696
567,697
568,698
569,699
570,70
571,700
572,701
573,702
574,703
575,704
576,705
577,706
578,707
579,708
580,709
581,71
582,710
583,711
584,712
585,713
586,714
587,715
588,716
589,717
590,718
591,719
592,720
593,721
594,722
595,723
596,724
597,725
598,726
599,727
600,728
601,729
602,73
603,730
604,731
605,732
606,733
607,734
608,735
609,736
610,737
611,738
612,739
613,74
614,740
615,741
616,742
617,743
618,744
619,745
620,746
621,747
622,748
623,749
624,75
625,750
626,751
627,752
628,753
629,754
630,755
631,756
632,757
633,758
634,759
635,760
636,761
637,762
638,763
639,764
640,765
641,766
642,767
643,768
644,769
645,77
646,770
647,771
648,773
649,775
650,776
651,777
652,778
653,779
654,78
655,780
656,781
657,782
658,783
659,784
660,785
661,786
662,79
663,797
664,80
665,81
666,82
667,83
668,85
669,86
670,87
671,88
672,89
673,90
674,91
675,92
676,93
677,94
678,95
679,97
680,98
681,99
682,s__1000
683,s__1001
684,s__1002
685,s__1003
686,s__1004
687,s__1005
688,s__1006
689,s__1007
690,s__1008
691,s__1009
692,s__1010
693,s__1011
694,s__1012
695,s__1013
696,s__1014
697,s__1015
698,s__1016
699,s__1017
700,s__1018
701,s__1019
702,s__1020
703,s__1021
704,s__1022
705,s__1023
706,s__1024
707,s__1025
708,s__1026
709,s__1027
710,s__1028
711,s__1029
712,s__1030
713,s__1031
714,s__1032
715,s__1033
716,s__1034
717,s__1035
718,s__1036
719,s__1037
720,s__1038
721,s__1039
722,s__1040
723,s__1041
724,s__1042
725,s__1043
726,s__1044
727,s__1045
728,s__1046
729,s__1047
730,s__1048
731,s__1049
732,s__1050
733,s__1051
734,s__1052
735,s__1053
736,s__1054
737,s__1055
738,s__1056
739,s__1057
740,s__1058
741,s__1059
742,s__1060
743,s__1061
744,s__1062
745,s__1063
746,s__1064
747,s__1065
748,s__1066
749,s__1067
750,s__1068
751,s__1069
752,s__1070
753,s__1071
754,s__1072
755,s__1073
756,s__1074
757,s__1075
758,s__1076
759,s__1077
760,s__1078
761,s__1079
762,s__1080
763,s__1081
764,s__1082
765,s__1083
766,s__1084
767,s__1085
768,s__1086
769,s__1087
770,s__1088
771,s__1089
772,s__1090
773,s__1091
774,s__1092
775,s__1093
776,s__1094
777,s__1095
778,s__1096
779,s__1097
780,s__1098
781,s__1099
782,s__1100
783,s__1101
784,s__1102
785,s__1103
786,s__1104
787,s__1105
788,s__1106
789,s__1107
790,s__1108
791,s__1109
792,s__1110
793,s__1111
794,s__1112
795,s__1113
796,s__1114
797,s__1115
798,s__1116
799,s__1117
800,s__1118
801,s__1119
802,s__1120
803,s__1121
804,s__1122
805,s__1123
806,s__1124
807,s__1125
808,s__1126
809,s__1127
810,s__1128
811,s__1129
812,s__1130
813,s__1131
814,s__1132
815,s__1133
816,s__1134
817,s__1135
818,s__1136
819,s__1137
820,s__1138
821,s__1139
822,s__1140
823,s__1141
824,s__1142
825,s__1143
826,s__1144
827,s__1145
828,s__1146
829,s__1147
830,s__1148
831,s__1149
832,s__1150
833,s__1151
834,s__1152
835,s__1153
836,s__1154
837,s__1155
838,s__1156
839,s__1157
840,s__1158
841,s__1159
842,s__1160
843,s__1161
844,s__1162
845,s__1163
846,s__1164
847,s__1165
848,s__1166
849,s__1167
850,s__1168
851,s__1169
852,s__1170
853,s__1171
854,s__1172
855,s__1173
856,s__1174
857,s__1175
858,s__1176
859,s__1177
860,s__1178
861,s__1179
862,s__1180
863,s__1183
864,s__1184
865,s__1185
866,s__1186
867,s__1187
868,s__1188
869,s__1189
870,s__1190
871,s__1192
872,s__1193
873,s__1195
874,s__1196
875,s__1197
876,s__1198
877,s__1199
878,s__1200
879,s__1201
880,s__1202
881,s__1203
882,s__1204
883,s__1205
884,s__1206
885,s__1207
886,s__1208
887,s__1209
888,s__1210
889,s__1211
890,s__1212
891,s__1213
892,s__1214
893,s__1215
894,s__1216
895,s__1217
896,s__1218
897,s__1219
898,s__1220
899,s__1221
900,s__1222
901,s__1223
902,s__1224
903,s__1225
904,s__1226
905,s__1227
906,s__1228
907,s__1230
908,s__1231
909,s__1232
910,s__1234
911,s__1235
912,s__1237
913,s__1239
914,s__1240
915,s__1241
916,s__1242
917,s__1243
918,s__1244
919,s__1245
920,s__1246
921,s__1247
922,s__1248
923,s__1249
924,s__1250
925,s__1251
926,s__1252
927,s__1253
928,s__1254
929,s__1255
930,s__1256
931,s__1257
932,s__1258
933,s__1259
934,s__1260
935,s__1261
936,s__1262
937,s__1265
938,s__1268
939,s__1269
940,s__1270
941,s__1271
942,s__1272
943,s__1273
944,s__1274
945,s__1275
946,s__1276
947,s__1277
948,s__1278
949,s__1279
950,s__1280
951,s__1281
952,s__1282
953,s__1283
954,s__1284
955,s__1285
956,s__1286
957,s__1287
958,s__1288
959,s__1289
960,s__1290
961,s__1291
962,s__1292
963,s__1293
964,s__1294
965,s__1295
966,s__1296
967,s__1297
968,s__1298
969,s__1299
970,s__1300
971,s__1301
972,s__1302
973,s__1303
974,s__1304
975,s__1305
976,s__1306
977,s__1307
978,s__1308
979,s__1309
980,s__1310
981,s__1311
982,s__1312
983,s__1313
984,s__1314
985,s__1315
986,s__1316
987,s__1317
988,s__1318
989,s__1319
990,s__1320
991,s__1321
992,s__1322
993,s__1323
994,s__1324
995,s__1325
996,s__1326
997,s__1327
998,s__1328
999,s__1329
1000,s__1330
1001,s__1331
1002,s__1332
1003,s__1333
1004,s__1334
1005,s__1335
1006,s__1336
1007,s__1337
1008,s__1338
1009,s__1339
1010,s__1340
1011,s__1341
1012,s__1342
1013,s__1343
1014,s__1344
1015,s__1345
1016,s__1346
1017,s__1347
1018,s__1348
1019,s__1349
1020,s__1350
1021,s__1351
1022,s__1352
1023,s__1353
1024,s__1354
1025,s__1355
1026,s__1356
1027,s__1357
1028,s__1358
1029,s__1359
1030,s__1360
1031,s__1361
1032,s__1362
1033,s__1363
1034,s__1364
1035,s__1365
1036,s__1366
1037,s__1367
1038,s__1368
1039,s__1369
1040,s__1370
1041,s__1371
1042,s__1372
1043,s__1374
1044,s__1377
1045,s__1378
1046,s__1379
1047,s__1382
1048,s__1384
1049,s__1392
1050,s__1393
1051,s__1394
1052,s__1396
1053,s__1398
1054,s__1399
1055,s__1400
1056,s__1401
1057,s__1402
1058,s__1403
1059,s__1404
1060,s__1405
1061,s__1406
1062,s__1407
1063,s__1408
1064,s__1410
1065,s__1411
1066,s__1412
1067,s__1413
1068,s__1414
1069,s__1415
1070,s__1416
1071,s__1418
1072,s__1419
1073,s__1422
1074,s__1423
1075,s__1426
1076,s__1427
1077,s__1428
1078,s__1429
1079,s__1431
1080,s__1432
1081,s__1433
1082,s__1434
1083,s__1435
1084,s__1438
1085,s__1439
1086,s__1443
1087,s__1445
1088,s__1446
1089,s__1448
1090,s__1452
1091,s__1461
1092,s__1462
1093,s__1465
1094,s__1467
1095,s__1473
1096,s__1474
1097,s__1476
1098,s__1486
1099,s__1487
1100,s__1490
1101,s__1491
1102,s__1492
1103,s__1493
1104,s__1494
1105,s__1495
1106,s__1496
1107,s__1497
1108,s__1498
1109,s__1499
1110,s__1500
1111,s__1501
1112,s__1502
1113,s__1503
1114,s__1504
1115,s__1505
1116,s__1506
1117,s__1507
1118,s__1508
1119,s__1509
1120,s__1510
1121,s__1511
1122,s__1512
1123,s__1513
1124,s__1514
1125,s__1515
1126,s__1516
1127,s__1517
1128,s__1518
1129,s__1519
1130,s__1520
1131,s__1521
1132,s__1522
1133,s__1523
1134,s__1524
1135,s__1525
1136,s__1526
1137,s__1527
1138,s__1528
1139,s__1529
1140,s__1531
1141,s__1532
1142,s__1533
1143,s__1534
1144,s__1535
1145,s__1536
1146,s__1537
1147,s__1539
1148,s__1540
1149,s__1541
1150,s__1542
1151,s__1543
1152,s__1544
1153,s__1545
1154,s__1546
1155,s__1547
1156,s__1548
1157,s__1549
1158,s__1550
1159,s__1551
1160,s__1552
1161,s__1553
1162,s__1554
1163,s__1555
1164,s__1556
1165,s__1557
1166,s__1558
1167,s__1559
1168,s__1560
1169,s__1561
1170,s__1562
1171,s__1563
1172,s__1631
1173,s__1632
1174,s__1633
1175,s__1634
1176,s__1635
1177,s__1636
1178,s__1637
1179,s__1638
1180,s__1639
1181,s__1640
1182,s__1641
1183,s__1642
1184,s__1643
1185,s__1644
1186,s__1645
1187,s__1646
1188,s__1647
1189,s__1648
1190,s__1649
1191,s__1650
1192,s__1651
1193,s__1652
1194,s__1653
1195,s__1654
1196,s__1655
1197,s__1656
1198,s__1657
1199,s__1658
1200,s__1659
1201,s__1660
1202,s__1661
1203,s__1662
1204,s__1663
1205,s__1664
1206,s__1665
1207,s__1666
1208,s__1667
1209,s__1668
1210,s__1669
1211,s__1670
1212,s__1671
1213,s__1672
1214,s__1673
1215,s__1674
1216,s__1675
1217,s__1676
1218,s__1677
1219,s__1678
1220,s__1679
1221,s__1680
1222,s__1681
1223,s__1682
1224,s__1683
1225,s__1684
1226,s__1685
1227,s__1686
1228,s__1687
1229,s__1688
1230,s__1689
1231,s__1690
1232,s__1691
1233,s__1692
1234,s__1693
1235,s__1694
1236,s__1695
1237,s__1696
1238,s__1697
1239,s__1698
1240,s__1699
1241,s__1700
1242,s__1701
1243,s__1702
1244,s__1703
1245,s__1704
1246,s__1705
1247,s__1706
1248,s__1707
1249,s__1708
1250,s__1709
1251,s__1710
1252,s__1711
1253,s__1712
1254,s__1713
1255,s__1714
1256,s__1715
1257,s__1716
1258,s__1717
1259,s__1718
1260,s__1719
1261,s__1720
1262,s__1721
1263,s__1722
1264,s__1723
1265,s__1724
1266,s__1725
1267,s__1726
1268,s__1727
1269,s__1728
1270,s__1730
1271,s__1732
1272,s__1735
1273,s__1736
1274,s__1737
1275,s__1738
1276,s__1739
1277,s__1741
1278,s__1742
1279,s__1743
1280,s__1744
1281,s__1745
1282,s__1746
1283,s__1747
1284,s__1748
1285,s__1749
1286,s__1750
1287,s__1751
1288,s__1752
1289,s__1753
1290,s__1760
1291,s__1761
1292,s__1762
1293,s__1763
1294,s__1764
1295,s__1765
1296,s__1766
1297,s__1767
1298,s__1768
1299,s__1769
1300,s__1770
1301,s__1771
1302,s__1772
1303,s__1773
1304,s__1774
1305,s__1775
1306,s__1776
1307,s__1777
1308,s__1778
1309,s__1779
1310,s__1780
1311,s__1781
1312,s__1782
1313,s__1783
1314,s__1784
1315,s__1785
1316,s__1786
1317,s__1787
1318,s__1788
1319,s__1789
1320,s__1790
1321,s__1791
1322,s__1792
1323,s__1793
1324,s__1794
1325,s__1795
1326,s__1796
1327,s__1797
1328,s__1798
1329,s__1799
1330,s__1800
1331,s__1801
1332,s__1802
1333,s__1803
1334,s__1804
1335,s__1805
1336,s__1806
1337,s__1807
1338,s__1808
1339,s__1809
1340,s__1810
1341,s__1811
1342,s__1812
1343,s__1813
1344,s__1814
1345,s__1815
1346,s__1816
1347,s__1817
1348,s__1818
1349,s__1819
1350,s__1820
1351,s__1821
1352,s__1822
1353,s__1823
1354,s__1824
1355,s__1825
1356,s__1826
1357,s__1827
1358,s__1828
1359,s__1829
1360,s__1830
1361,s__1831
1362,s__1832
1363,s__1833
1364,s__1834
1365,s__1835
1366,s__1836
1367,s__1837
1368,s__1838
1369,s__1839
1370,s__1840
1371,s__1841
1372,s__1842
1373,s__1843
1374,s__1844
1375,s__1845
1376,s__1846
1377,s__1847
1378,s__1848
1379,s__1849
1380,s__1850
1381,s__1851
1382,s__1852
1383,s__1853
1384,s__1854
1385,s__1855
1386,s__1856
1387,s__1857
1388,s__1858
1389,s__1859
1390,s__1860
1391,s__1861
1392,s__1862
1393,s__1863
1394,s__1864
1395,s__1865
1396,s__1866
1397,s__1867
1398,s__1868
1399,s__1869
1400,s__1870
1401,s__1871
1402,s__1872
1403,s__1873
1404,s__1874
1405,s__1875
1406,s__1876
1407,s__1877
1408,s__1878
1409,s__1879
1410,s__1880
1411,s__1881
1412,s__1882
1413,s__1883
1414,s__1884
1415,s__1885
1416,s__1886
1417,s__1887
1418,s__1888
1419,s__1889
1420,s__1890
1421,s__1891
1422,s__1892
1423,s__1893
1424,s__1894
1425,s__1895
1426,s__1896
1427,s__1897
1428,s__1898
1429,s__1899
1430,s__1900
1431,s__1901
1432,s__1902
1433,s__1903
1434,s__1904
1435,s__1905
1436,s__1906
1437,s__1907
1438,s__1908
1439,s__1909
1440,s__1910
1441,s__1911
1442,s__1912
1443,s__1913
1444,s__1914
1445,s__1915
1446,s__1916
1447,s__1917
1448,s__1918
1449,s__1919
1450,s__1920
1451,s__1921
1452,s__1922
1453,s__1923
1454,s__1924
1455,s__1925
1456,s__1926
1457,s__1927
1458,s__1928
1459,s__1929
1460,s__1930
1461,s__1931
1462,s__1932
1463,s__1933
1464,s__1934
1465,s__1935
1466,s__1936
1467,s__1937
1468,s__1938
1469,s__1939
1470,s__1940
1471,s__1941
1472,s__1942
1473,s__1943
1474,s__1944
1475,s__1945
1476,s__1946
1477,s__1947
1478,s__1948
1479,s__1949
1480,s__1950
1481,s__1951
1482,s__1952
1483,s__1953
1484,s__1954
1485,s__1955
1486,s__1956
1487,s__1957
1488,s__1958
1489,s__1959
1490,s__1960
1491,s__1961
1492,s__1962
1493,s__1963
1494,s__1964
1495,s__1965
1496,s__1966
1497,s__1967
1498,s__1968
1499,s__1969
1500,s__1970
1501,s__1971
1502,s__1972
1503,s__1973
1504,s__1974
1505,s__1975
1506,s__1976
1507,s__1977
1508,s__1978
1509,s__1979
1510,s__1980
1511,s__1981
1512,s__1982
1513,s__1983
1514,s__1984
1515,s__1985
1516,s__1986
1517,s__1987
1518,s__1988
1519,s__1989
1520,s__1990
1521,s__1991
1522,s__1992
1523,s__1993
1524,s__1994
1525,s__1995
1526,s__1996
1527,s__1997
1528,s__1998
1529,s__1999
1530,s__2000
1531,s__2001
1532,s__2002
1533,s__2003
1534,s__2004
1535,s__2005
1536,s__2006
1537,s__2007
1538,s__2008
1539,s__2009
1540,s__2010
1541,s__2011
1542,s__2012
1543,s__2013
1544,s__2014
1545,s__2015
1546,s__2016
1547,s__2017
1548,s__2019
1549,s__2020
1550,s__2021
1551,s__2022
1552,s__2023
1553,s__2024
1554,s__2025
1555,s__2026
1556,s__2027
1557,s__2028
1558,s__2029
1559,s__2030
1560,s__2031
1561,s__2032
1562,s__2033
1563,s__2034
1564,s__2035
1565,s__2036
1566,s__2037
1567,s__2038
1568,s__2039
1569,s__2040
1570,s__2041
1571,s__2042
1572,s__2043
1573,s__2044
1574,s__2045
1575,s__2046
1576,s__2047
1577,s__2048
1578,s__2049
1579,s__2050
1580,s__2051
1581,s__2052
1582,s__2053
1583,s__2054
1584,s__2055
1585,s__2056
1586,s__2057
1587,s__2058
1588,s__2059
1589,s__2060
1590,s__2061
1591,s__2062
1592,s__2083
1593,s__2084
1594,s__2085
1595,s__2086
1596,s__2087
1597,s__2088
1598,s__2089
1599,s__2090
1600,s__2091
1601,s__2092
1602,s__2093
1603,s__2094
1604,s__2095
1605,s__2096
1606,s__2097
1607,s__2098
1608,s__2099
1609,s__2100
1610,s__2101
1611,s__2103
1612,s__2104
1613,s__2105
1614,s__2106
1615,s__2107
1616,s__2108
1617,s__2109
1618,s__2110
1619,s__2111
1620,s__2112
1621,s__2113
1622,s__2114
1623,s__2115
1624,s__2116
1625,s__2117
1626,s__2118
1627,s__2119
1628,s__2120
1629,s__2121
1630,s__2122
1631,s__2123
1632,s__2124
1633,s__2125
1634,s__2126
1635,s__2127
1636,s__2129
1637,s__2130
1638,s__2131
1639,s__2132
1640,s__2133
1641,s__2134
1642,s__2135
1643,s__2136
1644,s__2137
1645,s__2138
1646,s__2139
1647,s__2140
1648,s__2141
1649,s__2142
1650,s__2143
1651,s__2144
1652,s__2145
1653,s__2146
1654,s__2147
1655,s__2148
1656,s__2149
1657,s__2150
1658,s__2151
1659,s__2153
1660,s__2154
1661,s__2155
1662,s__2156
1663,s__2157
1664,s__2158
1665,s__2159
1666,s__2160
1667,s__2161
1668,s__2162
1669,s__2163
1670,s__2164
1671,s__2165
1672,s__2166
1673,s__2167
1674,s__2168
1675,s__2169
1676,s__2170
1677,s__2171
1678,s__2172
1679,s__2173
1680,s__2174
1681,s__2175
1682,s__2176
1683,s__2177
1684,s__2178
1685,s__2179
1686,s__2180
1687,s__2181
1688,s__2182
1689,s__2183
1690,s__2184
1691,s__2185
1692,s__2186
1693,s__2187
1694,s__2188
1695,s__2189
1696,s__2190
1697,s__2191
1698,s__2192
1699,s__2193
1700,s__2194
1701,s__2195
1702,s__2196
1703,s__2197
1704,s__2235
1705,s__2236
1706,s__2237
1707,s__2238
1708,s__2240
1709,s__2241
1710,s__2244
1711,s__2245
1712,s__2254
1713,s__2255
1714,s__2256
1715,s__2257
1716,s__2258
1717,s__2259
1718,s__2260
1719,s__2261
1720,s__2262
1721,s__2263
1722,s__2264
1723,s__2265
1724,s__2266
1725,s__2267
1726,s__2268
1727,s__2269
1728,s__2270
1729,s__2271
1730,s__2272
1731,s__2273
1732,s__2274
1733,s__2275
1734,s__2276
1735,s__2277
1736,s__2278
1737,s__2279
1738,s__2280
1739,s__2281
1740,s__2282
1741,s__2283
1742,s__2284
1743,s__2285
1744,s__2286
1745,s__2287
1746,s__2288
1747,s__2289
1748,s__2290
1749,s__2291
1750,s__2292
1751,s__2293
1752,s__2294
1753,s__2295
1754,s__2296
1755,s__2297
1756,s__2298
1757,s__2299
1758,s__2300
1759,s__2301
1760,s__2302
1761,s__2303
1762,s__2304
1763,s__2305
1764,s__2306
1765,s__2307
1766,s__2308
1767,s__2309
1768,s__2310
1769,s__2311
1770,s__2312
1771,s__2313
1772,s__2314
1773,s__2315
1774,s__2316
1775,s__2317
1776,s__2318
1777,s__2319
1778,s__2320
1779,s__2321
1780,s__2322
1781,s__2323
1782,s__2324
1783,s__2325
1784,s__2326
1785,s__2327
1786,s__2328
1787,s__2329
1788,s__2330
1789,s__2331
1790,s__2332
1791,s__2333
1792,s__2334
1793,s__2335
1794,s__2336
1795,s__2337
1796,s__2338
1797,s__2339
1798,s__2340
1799,s__2341
1800,s__2342
1801,s__2343
1802,s__2344
1803,s__2345
1804,s__2346
1805,s__2347
1806,s__2348
1807,s__2349
1808,s__2350
1809,s__2351
1810,s__2352
1811,s__2353
1812,s__2354
1813,s__2355
1814,s__2356
1815,s__2357
1816,s__2358
1817,s__2359
1818,s__2360
1819,s__2361
1820,s__2362
1821,s__2363
1822,s__2364
1823,s__2365
1824,s__2366
1825,s__2367
1826,s__2368
1827,s__2369
1828,s__2370
1829,s__2371
1830,s__2372
1831,s__2373
1832,s__2374
1833,s__2375
1834,s__2376
1835,s__2377
1836,s__2378
1837,s__2379
1838,s__2380
1839,s__2381
1840,s__2382
1841,s__2383
1842,s__2384
1843,s__2385
1844,s__2386
1845,s__2387
1846,s__2388
1847,s__2389
1848,s__2390
1849,s__2391
1850,s__2392
1851,s__2393
1852,s__2394
1853,s__2395
1854,s__2396
1855,s__2397
1856,s__2398
1857,s__2399
1858,s__2400
1859,s__2401
1860,s__2402
1861,s__2403
1862,s__2404
1863,s__2405
1864,s__2406
1865,s__2407
1866,s__2408
1867,s__2409
1868,s__2410
1869,s__2411
1870,s__2412
1871,s__2413
1872,s__2414
1873,s__2415
1874,s__2416
1875,s__2417
1876,s__2418
1877,s__2419
1878,s__2420
1879,s__2421
1880,s__2422
1881,s__2423
1882,s__2424
1883,s__2425
1884,s__2426
1885,s__2427
1886,s__2428
1887,s__2429
1888,s__2430
1889,s__2431
1890,s__2432
1891,s__2433
1892,s__2434
1893,s__2435
1894,s__2436
1895,s__2437
1896,s__2438
1897,s__2439
1898,s__2440
1899,s__2441
1900,s__2442
1901,s__2443
1902,s__2444
1903,s__2445
1904,s__2446
1905,s__2447
1906,s__2448
1907,s__2449
1908,s__2450
1909,s__2451
1910,s__2452
1911,s__2453
1912,s__2617
1913,s__2619
1914,s__2620
1915,s__2622
1916,s__2623
1917,s__361
1918,s__362
1919,s__363
1920,s__364
1921,s__365
1922,s__366
1923,s__367
1924,s__368
1925,s__369
1926,s__370
1927,s__371
1928,s__372
1929,s__373
1930,s__374
1931,s__375
1932,s__376
1933,s__377
1934,s__378
1935,s__379
1936,s__380
1937,s__382
1938,s__383
1939,s__384
1940,s__385
1941,s__386
1942,s__387
1943,s__388
1944,s__389
1945,s__390
1946,s__391
1947,s__392
1948,s__393
1949,s__394
1950,s__395
1951,s__396
1952,s__397
1953,s__398
1954,s__399
1955,s__400
1956,s__401
1957,s__402
1958,s__403
1959,s__404
1960,s__405
1961,s__406
1962,s__407
1963,s__408
1964,s__409
1965,s__410
1966,s__411
1967,s__412
1968,s__413
1969,s__414
1970,s__415
1971,s__416
1972,s__417
1973,s__418
1974,s__419
1975,s__420
1976,s__421
1977,s__422
1978,s__423
1979,s__424
1980,s__425
1981,s__426
1982,s__427
1983,s__428
1984,s__429
1985,s__430
1986,s__431
1987,s__432
1988,s__433
1989,s__434
1990,s__435
1991,s__436
1992,s__437
1993,s__438
1994,s__439
1995,s__440
1996,s__441
1997,s__442
1998,s__443
1999,s__444
2000,s__445
2001,s__446
2002,s__447
2003,s__448
2004,s__449
2005,s__450
2006,s__451
2007,s__452
2008,s__453
2009,s__454
2010,s__455
2011,s__456
2012,s__457
2013,s__458
2014,s__459
2015,s__460
2016,s__461
2017,s__462
2018,s__463
2019,s__464
2020,s__465
2021,s__466
2022,s__467
2023,s__468
2024,s__469
2025,s__470
2026,s__471
2027,s__472
2028,s__473
2029,s__474
2030,s__475
2031,s__476
2032,s__477
2033,s__478
2034,s__479
2035,s__480
2036,s__481
2037,s__482
2038,s__483
2039,s__484
2040,s__485
2041,s__486
2042,s__487
2043,s__488
2044,s__489
2045,s__490
2046,s__491
2047,s__492
2048,s__493
2049,s__494
2050,s__495
2051,s__496
2052,s__497
2053,s__498
2054,s__499
2055,s__500
2056,s__501
2057,s__502
2058,s__503
2059,s__504
2060,s__505
2061,s__506
2062,s__507
2063,s__508
2064,s__509
2065,s__510
2066,s__511
2067,s__512
2068,s__513
2069,s__514
2070,s__515
2071,s__516
2072,s__517
2073,s__518
2074,s__519
2075,s__520
2076,s__521
2077,s__522
2078,s__523
2079,s__524
2080,s__525
2081,s__526
2082,s__527
2083,s__528
2084,s__529
2085,s__530
2086,s__531
2087,s__532
2088,s__533
2089,s__536
2090,s__537
2091,s__538
2092,s__539
2093,s__540
2094,s__541
2095,s__542
2096,s__543
2097,s__544
2098,s__545
2099,s__546
2100,s__547
2101,s__548
2102,s__549
2103,s__550
2104,s__551
2105,s__552
2106,s__553
2107,s__554
2108,s__555
2109,s__556
2110,s__557
2111,s__558
2112,s__559
2113,s__560
2114,s__561
2115,s__562
2116,s__563
2117,s__564
2118,s__565
2119,s__566
2120,s__567
2121,s__568
2122,s__569
2123,s__570
2124,s__571
2125,s__572
2126,s__573
2127,s__574
2128,s__575
2129,s__576
2130,s__577
2131,s__578
2132,s__579
2133,s__580
2134,s__581
2135,s__582
2136,s__583
2137,s__584
2138,s__585
2139,s__586
2140,s__587
2141,s__588
2142,s__589
2143,s__590
2144,s__591
2145,s__592
2146,s__593
2147,s__594
2148,s__595
2149,s__596
2150,s__597
2151,s__598
2152,s__599
2153,s__600
2154,s__601
2155,s__602
2156,s__603
2157,s__604
2158,s__605
2159,s__606
2160,s__607
2161,s__608
2162,s__609
2163,s__610
2164,s__611
2165,s__612
2166,s__613
2167,s__614
2168,s__615
2169,s__616
2170,s__617
2171,s__618
2172,s__619
2173,s__620
2174,s__621
2175,s__622
2176,s__623
2177,s__624
2178,s__625
2179,s__626
2180,s__627
2181,s__628
2182,s__629
2183,s__630
2184,s__631
2185,s__632
2186,s__633
2187,s__634
2188,s__635
2189,s__636
2190,s__637
2191,s__638
2192,s__639
2193,s__640
2194,s__641
2195,s__642
2196,s__643
2197,s__644
2198,s__645
2199,s__646
2200,s__647
2201,s__648
2202,s__649
2203,s__650
2204,s__651
2205,s__652
2206,s__653
2207,s__654
2208,s__655
2209,s__656
2210,s__657
2211,s__658
2212,s__659
2213,s__660
2214,s__661
2215,s__662
2216,s__663
2217,s__664
2218,s__665
2219,s__666
2220,s__667
2221,s__668
2222,s__669
2223,s__670
2224,s__671
2225,s__672
2226,s__673
2227,s__674
2228,s__675
2229,s__676
2230,s__677
2231,s__678
2232,s__679
2233,s__680
2234,s__681
2235,s__682
2236,s__683
2237,s__684
2238,s__685
2239,s__686
2240,s__687
2241,s__688
2242,s__689
2243,s__690
2244,s__691
2245,s__692
2246,s__693
2247,s__694
2248,s__695
2249,s__696
2250,s__697
2251,s__698
2252,s__699
2253,s__700
2254,s__701
2255,s__702
2256,s__703
2257,s__704
2258,s__705
2259,s__706
2260,s__707
2261,s__708
2262,s__709
2263,s__710
2264,s__711
2265,s__712
2266,s__713
2267,s__714
2268,s__715
2269,s__716
2270,s__717
2271,s__718
2272,s__719
2273,s__720
2274,s__721
2275,s__722
2276,s__723
2277,s__724
2278,s__725
2279,s__726
2280,s__727
2281,s__728
2282,s__729
2283,s__730
2284,s__731
2285,s__732
2286,s__733
2287,s__734
2288,s__735
2289,s__736
2290,s__737
2291,s__738
2292,s__739
2293,s__740
2294,s__741
2295,s__742
2296,s__743
2297,s__744
2298,s__745
2299,s__746
2300,s__747
2301,s__748
2302,s__749
2303,s__750
2304,s__751
2305,s__752
2306,s__753
2307,s__754
2308,s__755
2309,s__756
2310,s__757
2311,s__758
2312,s__759
2313,s__760
2314,s__761
2315,s__762
2316,s__763
2317,s__764
2318,s__765
2319,s__766
2320,s__767
2321,s__768
2322,s__769
2323,s__770
2324,s__771
2325,s__772
2326,s__773
2327,s__774
2328,s__775
2329,s__776
2330,s__777
2331,s__778
2332,s__779
2333,s__780
2334,s__781
2335,s__782
2336,s__783
2337,s__784
2338,s__785
2339,s__786
2340,s__787
2341,s__788
2342,s__789
2343,s__790
2344,s__791
2345,s__792
2346,s__793
2347,s__794
2348,s__795
2349,s__796
2350,s__797
2351,s__798
2352,s__799
2353,s__800
2354,s__801
2355,s__802
2356,s__803
2357,s__804
2358,s__805
2359,s__806
2360,s__807
2361,s__808
2362,s__809
2363,s__810
2364,s__811
2365,s__812
2366,s__813
2367,s__814
2368,s__815
2369,s__816
2370,s__817
2371,s__818
2372,s__819
2373,s__820
2374,s__821
2375,s__822
2376,s__823
2377,s__824
2378,s__825
2379,s__826
2380,s__827
2381,s__828
2382,s__829
2383,s__830
2384,s__831
2385,s__832
2386,s__833
2387,s__834
2388,s__835
2389,s__836
2390,s__837
2391,s__838
2392,s__839
2393,s__840
2394,s__841
2395,s__842
2396,s__843
2397,s__844
2398,s__845
2399,s__846
2400,s__847
2401,s__848
2402,s__849
2403,s__850
2404,s__851
2405,s__852
2406,s__853
2407,s__854
2408,s__855
2409,s__856
2410,s__857
2411,s__858
2412,s__859
2413,s__860
2414,s__861
2415,s__862
2416,s__863
2417,s__864
2418,s__865
2419,s__866
2420,s__867
2421,s__868
2422,s__869
2423,s__870
2424,s__871
2425,s__872
2426,s__873
2427,s__874
2428,s__875
2429,s__876
2430,s__877
2431,s__878
2432,s__879
2433,s__880
2434,s__881
2435,s__882
2436,s__883
2437,s__884
2438,s__885
2439,s__886
2440,s__887
2441,s__888
2442,s__889
2443,s__890
2444,s__891
2445,s__892
2446,s__893
2447,s__894
2448,s__895
2449,s__896
2450,s__897
2451,s__898
2452,s__899
2453,s__900
2454,s__901
2455,s__902
2456,s__903
2457,s__904
2458,s__905
2459,s__906
2460,s__907
2461,s__908
2462,s__909
2463,s__910
2464,s__911
2465,s__912
2466,s__913
2467,s__914
2468,s__915
2469,s__916
2470,s__917
2471,s__918
2472,s__919
2473,s__920
2474,s__921
2475,s__922
2476,s__923
2477,s__924
2478,s__925
2479,s__926
2480,s__927
2481,s__928
2482,s__929
2483,s__930
2484,s__931
2485,s__932
2486,s__933
2487,s__934
2488,s__935
2489,s__936
2490,s__937
2491,s__938
2492,s__939
2493,s__940
2494,s__941
2495,s__942
2496,s__943
2497,s__944
2498,s__945
2499,s__946
2500,s__947
2501,s__948
2502,s__949
2503,s__950
2504,s__951
2505,s__952
2506,s__953
2507,s__954
2508,s__955
2509,s__956
2510,s__957
2511,s__958
2512,s__959
2513,s__960
2514,s__961
2515,s__962
2516,s__963
2517,s__964
2518,s__965
2519,s__966
2520,s__967
2521,s__968
2522,s__969
2523,s__970
2524,s__971
2525,s__972
2526,s__973
2527,s__974
2528,s__975
2529,s__976
2530,s__977
2531,s__978
2532,s__979
2533,s__980
2534,s__981
2535,s__982
2536,s__983
2537,s__984
2538,s__985
2539,s__986
2540,s__987
2541,s__988
2542,s__989
2543,s__990
2544,s__991
2545,s__992
2546,s__993
2547,s__994
2548,s__995
2549,s__996
2550,s__997
2551,s__998
2552,s__999
